<?xml version="1.0" encoding="UTF-8"?>
<!DOCTYPE xawk>

<!-- xawk.xml
	Purpose:
		This file describe xawk in a 'meta' language
	Description:
		
	History:
		Mon Sep  2 21:53:32  2002, Created by tomyeh

Copyright (C) 2002 Potix Corporation. All Rights Reserved.
-->

<xawk>
	<init>a-BeanShell-script</init><!-- optional, at most one -->
	<cleanup>a-BeanShell-script</cleanup><!-- optional, at most one -->

	<condition>a-BeanShell-script</condition><!-- optional, at most one -->
	<begin>a-BeanShell-script</begin><!-- optional, at most one -->
	<end>a-BeanShell-script</end><!-- optional, at most one -->

	<rule><!-- multiple -->
		<pattern>a_regular_expression</pattern><!-- optional, multiple -->
		<condition>a-BeanShell-script</condition><!-- optional, at most one -->
		<begin>a-BeanShell-script</begin><!-- optional, at most one -->
		<end>a-BeanShell-script</end><!-- optional, at most one -->
	</rule>
</xawk>
